environment,task_count,uav_count,algorithm,seed_count,objective_mean,objective_std,served_mean,served_std,parcel_rate_mean,parcel_rate_std,requested_parcels_mean,requested_parcels_std,dropped_parcels_mean,dropped_parcels_std,deferred_mean,deferred_std,total_distance_mean,total_distance_std,total_energy_mean,total_energy_std,runtime_mean,runtime_std,accepted_mean,accepted_std,replacement_gain_mean,replacement_gain_std
du_outdoor,30,3,V1,10,5.106986503272898,1.500986379374265,10.5,3.100179206289712,0.30899388133566924,0.06598581829057679,48.8,3.9384147967311813,14.9,2.2335820757001272,19.5,3.100179206289712,2832.3672384090846,219.48451781500688,2934.2180162382356,224.00032675490172,11.48529938339998,6.489042900894141,0.0,0.0,0.0,0.0
du_outdoor,30,3,V2,10,5.920365728923379,1.2430253290356068,10.2,2.8205594401741574,0.26925041202368616,0.08507308210587562,48.8,3.9384147967311813,13.0,3.8297084310253524,19.8,2.8205594401741574,2787.2014815318375,184.9268462934886,2887.066354936453,191.47981083579822,37.6118228917,26.443621142630576,6.1,2.378141197564929,1.301937246149495,0.5730569497312342
du_outdoor,30,5,V1,10,7.472236307246648,1.423362080940389,15.9,3.314949304120485,0.48075336731253915,0.10190228719562677,48.8,3.9384147967311813,23.3,4.4484703987875305,14.1,3.314949304120485,4602.536817228018,327.9340420587856,4762.721064255005,330.54634199862136,13.5094385999,7.659012474415232,0.0,0.0,0.0,0.0
du_outdoor,30,5,V2,10,8.31797788696279,1.3469544661106747,15.4,3.1340424729448424,0.4366677271334566,0.11072958954262814,48.8,3.9384147967311813,21.1,4.748099034818508,14.6,3.1340424729448424,4542.620507651013,271.18914883004754,4722.111108629312,290.64599190472995,42.58774745020001,22.340210409547318,7.0,1.9436506316151,1.4092882516768945,0.3795239155351026
du_outdoor,30,8,V1,10,9.872629976019322,1.565292307124875,20.2,3.119829055146024,0.6377373439574763,0.12150725389462069,48.8,3.9384147967311813,31.0,6.0553007081949835,9.8,3.119829055146024,6495.044893837644,350.2891663763586,6709.291239806209,357.3247301218285,15.14269019179999,8.092787554543058,0.0,0.0,0.0,0.0
du_outdoor,30,8,V2,10,10.226574955369415,1.6822300289913281,19.6,3.6270588023294517,0.6139640339341663,0.15134772521336376,48.8,3.9384147967311813,29.8,7.420691791650335,10.4,3.6270588023294517,6516.253769802852,383.9821152859308,6748.620373508142,404.1096611839594,38.111437362699995,19.06496787138791,4.7,1.70293863659264,0.9032085503705074,0.46092233956577094
du_outdoor,30,10,V1,10,10.5891122900641,1.4609230036113665,21.2,2.7406406388125952,0.6719383801069782,0.11201609065673894,48.8,3.9384147967311813,32.8,6.47731082746193,8.8,2.7406406388125952,7404.872475674792,529.2685475417036,7635.4207609202585,542.9202800948129,14.422301146099993,7.93577581081671,0.0,0.0,0.0,0.0
du_outdoor,30,10,V2,10,10.80416013764431,1.4452173722621215,20.8,2.859681411936962,0.6521202034355297,0.12905473238416776,48.8,3.9384147967311813,31.8,7.052186422190875,9.2,2.859681411936962,7380.928405054889,625.2496865037006,7624.85735181649,647.5538279931562,28.55921245410002,12.537172179085182,3.2,1.3165611772087666,0.6757420703429088,0.3465310695088025
du_outdoor,60,3,V1,10,5.946139533333703,1.271882493616174,10.8,1.6193277068654826,0.16513944398219618,0.015672288005620063,101.3,5.056349144063003,16.7,1.4944341180973264,49.2,1.6193277068654826,2942.4334651096533,162.84267896684133,3058.1690503373748,165.78547389985104,12.684336283099992,6.288941579760092,0.0,0.0,0.0,0.0
du_outdoor,60,3,V2,10,7.423950563480078,1.1105222715158394,11.4,1.7126976771553504,0.1435114125984357,0.021590766004950013,101.3,5.056349144063003,14.5,2.068278940998476,48.6,1.7126976771553506,2929.4851208766295,250.83909964013242,3057.3190083685577,252.93007539379255,50.7107595999,34.33742479366872,8.0,1.9436506316151,1.349997681623311,0.4287738054672487
du_outdoor,60,5,V1,10,9.490401551532596,1.524255679934534,17.8,1.9888578520235063,0.27627348654541983,0.027826260015407795,101.3,5.056349144063003,27.9,2.1317702607092643,42.2,1.9888578520235063,4751.13710452507,265.05066909856,4939.489357716414,270.8928877052038,18.058643166799925,7.982512378308769,0.0,0.0,0.0,0.0
du_outdoor,60,5,V2,10,10.700145821155505,1.5493913435761362,17.2,2.485513584307633,0.23362683748795404,0.03384076630825525,101.3,5.056349144063003,23.6,3.1692971530679235,42.8,2.485513584307633,4782.833425945608,273.0781355086873,4981.249709395521,271.37751873395473,54.16094975399999,25.15278736055059,9.1,1.911950719959998,1.6595819999287593,0.43504964805959473
du_outdoor,60,8,V1,10,13.63263568152673,1.9960422308719399,26.9,3.0349812373573433,0.42445825375033663,0.04206577225149188,101.3,5.056349144063003,42.9,3.725288952252936,33.1,3.0349812373573433,7604.082733349154,342.28011789386613,7897.700522508322,357.3070795812421,23.970900400100003,10.61112796499912,0.0,0.0,0.0,0.0
du_outdoor,60,8,V2,10,14.770191676737745,2.1752804497523965,25.3,3.4657049948186747,0.37813414887761065,0.056443432996705754,101.3,5.056349144063003,38.2,5.493430419854044,34.7,3.4657049948186747,7373.206593181129,323.8104723338473,7667.562404250562,331.00865061795787,50.26021126220005,25.96871534049412,13.0,2.309401076758503,2.2829262547285647,0.365374103174531
du_outdoor,60,10,V1,10,16.203393694292284,2.6248950116504313,32.6,4.993328882953068,0.5247193105228267,0.07206238432950522,101.3,5.056349144063003,53.0,6.599663291074443,27.4,4.993328882953068,9321.809061754868,522.3834813130559,9681.024496851634,538.7947408929336,30.386270175000003,14.888315433323436,0.0,0.0,0.0,0.0
du_outdoor,60,10,V2,10,17.103794060674275,3.066543500039427,30.7,5.250396810400778,0.4736647135525834,0.08257953986775936,101.3,5.056349144063003,47.8,7.814516406449389,29.3,5.250396810400778,9162.94041535079,461.72597761502084,9526.856231713875,492.9133041966215,36.38278347920002,17.97993028453006,13.0,2.0548046676563256,2.598650841047135,0.6242954046325702
du_outdoor,90,3,V1,10,6.257696516579191,1.2511520363894717,11.2,1.6865480854231356,0.11210422090356652,0.016413660640525685,151.2,8.270429251254132,16.9,2.330951164939612,78.8,1.6865480854231356,3038.9291476731455,122.20310501266927,3153.6728786383655,123.49554633530585,15.82281753320001,9.331114117970705,0.0,0.0,0.0,0.0
du_outdoor,90,3,V2,10,7.5534225759221405,1.470221259645055,10.9,1.9692073983655907,0.09353676395088582,0.02030455585009356,151.2,8.270429251254132,14.1,3.0349812373573437,79.1,1.9692073983655904,2883.323362573214,189.07907255736617,2997.967849502775,191.99012474849602,65.50513107920001,38.32600289005037,9.7,3.093002855909879,1.3689558950934877,0.5242037500105369
du_outdoor,90,5,V1,10,9.804754958267079,2.03495061820478,17.6,2.8751811537130436,0.18335830687224008,0.03155883932329999,151.2,8.270429251254132,27.6,4.2998707990925595,72.4,2.875181153713043,4960.788941207357,186.06806037586526,5141.599447212288,183.6463285494249,20.150533354200025,8.641884993484341,0.0,0.0,0.0,0.0
du_outdoor,90,5,V2,10,11.798391361300906,2.0162545329279826,17.5,2.4608038433722332,0.15878616440442145,0.02291017961391985,151.2,8.270429251254132,23.9,2.8067379246694513,72.5,2.4608038433722332,4918.468931093221,233.79329375893994,5110.268982628902,218.93340283441626,61.83329094579999,25.721596870007648,14.0,5.0771820705759385,2.15724195386086,0.8894322898574729
du_outdoor,90,8,V1,10,14.083885268141538,2.4243454375001785,25.6,3.5023801430836525,0.27283229423583205,0.039995076483240834,151.2,8.270429251254132,41.1,5.466056876558986,64.4,3.5023801430836525,7667.810205201954,377.4160905056028,7941.692535172943,381.3233923338657,30.70443810420006,12.132383721746994,0.0,0.0,0.0,0.0
du_outdoor,90,8,V2,10,16.470982133409578,2.443332934702693,25.5,3.13581462037113,0.2459261043200175,0.031517373136100285,151.2,8.270429251254132,37.1,4.629614814791111,64.5,3.13581462037113,7709.914549417814,290.3981121253326,8005.058741297316,298.4158836714986,113.1281582375,49.16307355769154,17.4,4.087922591134904,2.922715910653085,0.8665511870494685
du_outdoor,90,10,V1,10,16.758222219221654,2.7960255029863785,31.2,4.237399621885521,0.3346839366758001,0.04935411339127375,151.2,8.270429251254132,50.4,6.686636756330578,58.8,4.237399621885521,9516.909617139752,390.8597378776348,9854.18023887969,393.73239956784727,36.36485819159998,8.355680899366797,0.0,0.0,0.0,0.0
du_outdoor,90,10,V2,10,19.346488562494926,2.563932216271267,31.1,3.8137179293236207,0.3123486522085852,0.03946024105328607,151.2,8.270429251254132,47.0,4.447221354708778,58.9,3.8137179293236207,9262.26990306791,497.4069836703772,9614.52336742445,492.36443801824595,134.0386935042,47.7503335862232,17.1,2.726414006223804,3.2077260449364307,0.8104813335403294
synthetic,30,3,V1,10,11.980981789972793,1.483968495888864,22.6,1.776388345929897,0.7111600704080644,0.05787528096478609,48.6,3.6270588023294517,34.5,3.13581462037113,7.4,1.776388345929897,2521.943483284135,135.5824053251485,2671.241830678792,135.9000653511938,2.0690129539999997,1.4000604657920723,0.0,0.0,0.0,0.0
synthetic,30,3,V2,10,12.632844021623079,1.290315084863187,22.0,1.8856180831641267,0.6745666678253558,0.08293197701390809,48.6,3.6270588023294517,32.7,3.9171985454460234,8.0,1.8856180831641267,2607.0069062045527,131.70825955210793,2765.2150287270065,132.2040605143484,4.039658996000001,2.334810945292881,6.4,1.9550504398153574,1.6271389280169692,0.672282892602076
synthetic,30,5,V1,10,15.30324660409312,1.1021376477026819,27.2,1.398411797560202,0.9012067246996646,0.04949201278001415,48.6,3.6270588023294517,43.8,4.1041983924323695,2.8,1.398411797560202,3801.4003100297987,301.62501853677145,4001.2358794055044,310.41596674179965,1.1175958000000001,0.5687884815895426,0.0,0.0,0.0,0.0
synthetic,30,5,V2,10,15.31637652801393,0.987353383847012,27.0,1.5634719199411433,0.8895313539711024,0.05920846992185954,48.6,3.6270588023294517,43.2,3.9944405810520647,3.0,1.5634719199411433,3863.3930733503535,277.8973128392501,4071.7318939649745,286.7999256665729,3.2220068249000016,1.8085027390564572,3.7,1.3374935098492586,0.876079329343888,0.44433422958714963
synthetic,30,8,V1,10,16.259242103323942,1.1383891361358567,27.5,1.4337208778404378,0.9094618352545248,0.04829136526061715,48.6,3.6270588023294517,44.2,4.077035960378842,2.5,1.4337208778404378,4766.22546007609,471.49980773419236,4980.501196747895,484.5870448141321,1.1020545501000008,0.5969114510650599,0.0,0.0,0.0,0.0
synthetic,30,8,V2,10,16.28069794349405,1.1098087907264835,27.5,1.4337208778404378,0.9094618352545248,0.04829136526061715,48.6,3.6270588023294517,44.2,4.077035960378842,2.5,1.4337208778404378,4786.749356653383,479.3932788616911,5002.175222965582,492.77628079049083,3.3552661209000023,1.722786312450301,0.8,1.0327955589886446,0.15908109420795,0.28116915319918667
synthetic,30,10,V1,10,16.436200114120386,1.1165066924713687,27.5,1.4337208778404378,0.9094618352545248,0.04829136526061715,48.6,3.6270588023294517,44.2,4.077035960378842,2.5,1.4337208778404378,4992.225494353819,538.3638207679269,5209.865195410642,551.9989623446779,1.0776095207999987,0.5398351261313575,0.0,0.0,0.0,0.0
synthetic,30,10,V2,10,16.436200114120386,1.1165066924713691,27.5,1.4337208778404378,0.9094618352545248,0.04829136526061715,48.6,3.6270588023294517,44.2,4.077035960378842,2.5,1.4337208778404378,4992.22549435382,538.3638207679269,5209.865195410643,551.9989623446781,3.6123848998999932,1.8972831687866625,0.0,0.0,0.0,0.0
synthetic,60,3,V1,10,15.646206783857778,1.8610899539948111,25.4,2.4585451886114367,0.37264803109590366,0.02534561453772349,105.1,6.6907896893167,39.1,2.6853512081497106,34.6,2.4585451886114367,2685.6779284136987,81.3531765291312,2842.1140778030235,82.95966982609106,2.862210895800004,1.194725507743093,0.0,0.0,0.0,0.0
synthetic,60,3,V2,10,16.40272147656615,1.617665572973108,24.7,2.8303906287138374,0.346179575301838,0.03748716392273463,105.1,6.6907896893167,36.2,2.573367875415838,35.3,2.8303906287138374,2706.857671949361,72.64174995878179,2866.7505530890603,78.58913617973109,11.164399058199995,4.673992297658493,8.8,3.0840089349921005,1.531975435328857,0.6366493793834656
synthetic,60,5,V1,10,22.837453973652202,2.1718207414673216,39.9,3.842742076521226,0.6092459529318406,0.05149240645069655,105.1,6.6907896893167,63.9,5.216427044549853,20.1,3.842742076521226,4406.211692920751,135.93403797203786,4666.611016326969,140.4195712664152,4.039248999900001,1.6831669646146326,0.0,0.0,0.0,0.0
synthetic,60,5,V2,10,23.710750483434953,1.6907972869737595,38.6,3.6270588023294517,0.578268009434554,0.044560840150136526,105.1,6.6907896893167,60.7,5.207899981971834,21.4,3.6270588023294517,4444.6322292383875,128.909997026958,4708.60860883673,140.8997958853148,14.511796591599989,4.220848952078433,11.0,2.943920288775949,2.320174518295057,0.9350158240991069
synthetic,60,8,V1,10,29.703823961376283,2.6630918480839014,53.3,3.1989581637360205,0.8763788686856062,0.06080005256973066,105.1,6.6907896893167,92.0,7.2264944628929335,6.7,3.198958163736021,6587.786047644672,374.2969142308582,6966.86398085618,394.9468258933913,4.663174945900008,3.4699685501939803,0.0,0.0,0.0,0.0
synthetic,60,8,V2,10,29.780544907781334,2.2500368217062787,51.9,3.900142447541001,0.8460983870116594,0.08563078783557547,105.1,6.6907896893167,88.7,8.393780766469634,8.1,3.900142447541001,6670.863305647884,238.68381505918728,7065.632331852748,255.60127131715592,17.878244283000015,7.982932108459154,9.7,3.3349995835415367,2.466191846497448,1.039036629694737
synthetic,60,10,V1,10,31.862781296902895,1.7163402158391983,55.3,1.766981104093143,0.9160722264377478,0.03889575019905481,105.1,6.6907896893167,96.3,7.660142151277467,4.7,1.766981104093143,7628.694560057287,491.44416190376637,8037.68957954265,523.92939701114,3.6435976667999967,2.6178318070858326,0.0,0.0,0.0,0.0
synthetic,60,10,V2,10,31.774807711561802,1.8752694434423993,54.5,2.592724864350674,0.8960641570826121,0.05644597478745016,105.1,6.6907896893167,94.2,8.66410218468519,5.5,2.592724864350674,7647.245208117095,525.495802892128,8073.436474872335,561.6192485737063,11.774775183400015,5.478211632807796,5.4,2.9514591494904874,1.4717116457120831,0.9382748609828977
synthetic,90,3,V1,10,17.805261281394376,1.5898131457602689,27.7,2.406010991015812,0.2515280638489392,0.02144088252573617,156.4,5.541760650832108,39.3,3.1287200080686173,62.3,2.406010991015812,2778.217031558579,70.07278578658486,2943.8760017298473,67.59931576212834,3.2461893417000027,1.5566568978212005,0.0,0.0,0.0,0.0
synthetic,90,3,V2,10,18.34246448459123,2.0371406913972354,26.3,3.093002855909879,0.2284077920237988,0.029444552455537114,156.4,5.541760650832108,35.7,4.571651780264984,63.7,3.093002855909879,2737.4379459013117,64.15514342752871,2898.136449046668,66.40888550457113,8.992318725199983,4.750151944878588,13.3,2.359378449224852,1.9059967477163673,0.3644110764983466
synthetic,90,5,V1,10,26.107988928635145,2.2910609294610063,41.8,3.823901439919996,0.4032230499552645,0.03573366114788165,156.4,5.541760650832108,63.0,5.228129047119374,48.2,3.823901439919996,4541.33768521834,129.258333807269,4804.190749475491,130.81966624095935,5.201276228899997,3.2661954438352523,0.0,0.0,0.0,0.0
synthetic,90,5,V2,10,26.727831248098923,2.8812845948451073,40.2,4.442221666388715,0.38011297514388886,0.03776023765091437,156.4,5.541760650832108,59.4,5.738757124441959,49.8,4.442221666388715,4552.482246525612,130.07369970241615,4824.734862207766,144.80143553161483,11.353277937300039,5.916805988951406,15.5,4.169998667732268,2.442027445137266,0.8536693467349313
synthetic,90,8,V1,10,36.28033532783252,2.8691613650549344,62.3,5.4984846397287805,0.6424545433182303,0.06201306372202839,156.4,5.541760650832108,100.4,9.347608131376592,27.7,5.4984846397287805,7056.710304069863,176.0040641871154,7471.987915706992,182.3074070625008,7.286447354199993,2.764129589771429,0.0,0.0,0.0,0.0
synthetic,90,8,V2,10,37.003175672904966,3.192201771118634,60.5,5.380004130522991,0.6115463378639089,0.05564515668100249,156.4,5.541760650832108,95.6,8.771164878927618,29.5,5.380004130522991,7171.470454196057,53.52282017356081,7598.7206412288415,57.37498189383289,16.35901134169999,9.76367571243076,14.4,4.087922591134904,2.787324284303608,1.1396712759902832
synthetic,90,10,V1,10,41.52495262843852,2.748481193992734,74.3,4.2176876234364356,0.7918528524049405,0.04856939476672047,156.4,5.541760650832108,123.8,7.997221739801614,15.7,4.2176876234364356,8730.783055738548,238.31038445727347,9240.411204786038,251.49467219882467,8.487811712399997,3.5958488910095636,0.0,0.0,0.0,0.0
synthetic,90,10,V2,10,41.64725588888364,2.936237188680432,71.6,5.103375789067903,0.755575160066692,0.05889961791999536,156.4,5.541760650832108,118.1,9.09761873605762,18.4,5.103375789067903,8823.378550336865,197.3718784976125,9340.618935193601,217.5776244623452,17.99285849569992,7.594010942535862,13.8,6.528569691917382,3.235534333341936,1.5726830081584022
