schema_version,experiment_name,seed,method,scenario_id,status,objective_value,served_tasks,deferred_tasks,average_completion_delay,total_distance,total_travel_time,total_energy,payload_utilization,accepted_replacements,rejected_replacements,safe_return_rate,runtime_seconds,recourse_enabled
experiment.v1,pgbm_research_v1,101,pgbm_heuristic_v1,du_outdoor_101,ok,403.55078196445277,6,0,45.02937228412305,1785.9019821413385,178.59019821413384,1785.9019821413385,0.75,0,0,1.0,0.8908956670000001,False
experiment.v1,pgbm_research_v1,101,nearest_task_first,du_outdoor_101,ok,399.0136062704181,6,0,42.601387076972905,1827.1490339052898,182.71490339052897,1827.1490339052898,0.75,0,0,1.0,0.3241119160000001,False
experiment.v1,pgbm_research_v1,102,pgbm_heuristic_v1,du_outdoor_102,ok,339.78664177319916,5,1,45.51810378627785,1456.4850747890978,145.64850747890978,1456.4850747890978,0.8333333333333334,0,0,1.0,0.5733219160000003,False
experiment.v1,pgbm_research_v1,102,nearest_task_first,du_outdoor_102,ok,362.566788277834,5,1,43.744968217410175,1249.3928338378723,124.93928338378721,1249.3928338378723,0.75,0,0,1.0,0.0014631249999998985,False
experiment.v1,pgbm_research_v1,103,pgbm_heuristic_v1,du_outdoor_103,ok,340.03872700759905,5,1,38.74903374305963,1454.1933908400088,145.41933908400088,1454.1933908400088,0.75,0,0,1.0,0.004311250000000211,False
experiment.v1,pgbm_research_v1,103,nearest_task_first,du_outdoor_103,ok,352.32432993672535,5,1,40.753091635313694,1342.5060914843157,134.25060914843155,1342.5060914843157,0.75,0,0,1.0,0.8033205840000002,False
experiment.v1,pgbm_research_v1,104,pgbm_heuristic_v1,du_outdoor_104,ok,422.0482845098891,6,0,49.66605690885482,1617.7428680919177,161.77428680919178,1617.7428680919177,0.8333333333333334,0,0,1.0,1.7515423329999997,False
experiment.v1,pgbm_research_v1,104,nearest_task_first,du_outdoor_104,ok,419.9925322516113,6,0,40.62150019326811,1636.4315249853516,163.64315249853513,1636.4315249853516,0.8333333333333334,0,0,1.0,0.46605116599999974,False
experiment.v1,pgbm_research_v1,105,pgbm_heuristic_v1,du_outdoor_105,ok,429.8958104910962,6,0,49.105585981406854,1546.401722808216,154.64017228082162,1546.401722808216,0.9166666666666666,0,0,1.0,1.1694900410000004,False
experiment.v1,pgbm_research_v1,105,nearest_task_first,du_outdoor_105,ok,411.2259980626829,6,0,49.62274211443017,1716.127290339246,171.61272903392458,1716.127290339246,0.9166666666666666,0,0,1.0,0.003068125000000421,False
