schema_version,experiment_name,seed,method,scenario_id,status,objective_value,served_tasks,deferred_tasks,average_completion_delay,total_distance,total_travel_time,total_energy,payload_utilization,accepted_replacements,rejected_replacements,safe_return_rate,runtime_seconds
experiment.v1,pgbm_research_v1,101,pgbm_heuristic_v1,du_outdoor_101,ok,214.89758668959132,4,3,21.264155249748605,1682.7492119128058,168.27492119128058,1682.7492119128058,0.75,0,1,1.0,1.366732292
experiment.v1,pgbm_research_v1,101,nearest_task_first,du_outdoor_101,ok,259.18138801462595,4,3,13.697237114235135,1280.1691998670362,128.01691998670364,1280.1691998670362,0.6944444444444444,0,1,1.0,0.073919917
experiment.v1,pgbm_research_v1,102,pgbm_heuristic_v1,du_outdoor_102,ok,433.780176594392,6,1,28.338065737082392,1511.089303687345,151.10893036873452,1511.089303687345,0.7777777777777778,1,0,1.0,1.5762852499999997
experiment.v1,pgbm_research_v1,102,nearest_task_first,du_outdoor_102,ok,414.22480092339123,6,1,35.37353982563532,1688.8654461509889,168.8865446150989,1688.8654461509889,0.7777777777777778,1,0,1.0,0.6835464579999999
experiment.v1,pgbm_research_v1,103,pgbm_heuristic_v1,du_outdoor_103,ok,444.1568840097581,6,1,13.447987063518546,1416.7555999112906,141.67555999112903,1416.7555999112906,0.8888888888888888,1,0,1.0,1.439443459
experiment.v1,pgbm_research_v1,103,nearest_task_first,du_outdoor_103,ok,393.84508905454703,5,2,9.634274644921028,965.0446449586633,96.50446449586634,965.0446449586633,0.5555555555555556,1,0,1.0,0.6770126670000005
experiment.v1,pgbm_research_v1,104,pgbm_heuristic_v1,du_outdoor_104,ok,447.09905420137466,6,1,12.973109017107703,1390.0085981693205,139.00085981693206,1390.0085981693205,0.8055555555555556,1,0,1.0,1.5824300829999993
experiment.v1,pgbm_research_v1,104,nearest_task_first,du_outdoor_104,ok,445.5629714296467,6,1,19.514861823090722,1403.972987003212,140.3972987003212,1403.972987003212,0.8055555555555556,1,0,1.0,1.4893776250000004
experiment.v1,pgbm_research_v1,105,pgbm_heuristic_v1,du_outdoor_105,ok,600.8751642725153,7,0,8.270093774729373,901.1348702498601,90.11348702498601,901.1348702498601,0.9166666666666666,1,0,1.0,0.0020736249999995238
experiment.v1,pgbm_research_v1,105,nearest_task_first,du_outdoor_105,ok,509.9249429133477,6,1,4.447677445932929,818.8641553332022,81.88641553332022,818.8641553332022,0.7222222222222222,1,0,1.0,0.0011466660000003515
