schema_version,experiment_name,seed,method,scenario_id,status,objective_value,served_tasks,deferred_tasks,average_completion_delay,total_distance,total_travel_time,total_energy,payload_utilization,accepted_replacements,rejected_replacements,safe_return_rate,runtime_seconds,recourse_enabled,horizon_minutes,arrival_profile,task_count,uav_count,dispatch_count,peak_queue_size,candidate_count,planner_runtime_seconds,route_runtime_seconds,phase_high_tasks,phase_medium_tasks,phase_low_tasks,search_truncated_dispatches,max_candidate_count,max_pending_considered,requested_parcels,dropped_parcels,parcel_delivery_rate
experiment.v1,pgbm_v1_two_hour_experiment_matrix,101,pgbm_initial_bruteforce_v1,du_outdoor_101,ok,4.194700753901535,10,20,38.34205813377175,2805.0679598793986,280.5067959879399,2918.6992741449794,0.3333333333333333,0,0,1.0,6.4331856250000214,False,120.0,three_phase,30,3,13,20,15771,6.432376168000019,6.3871064780005895,15,10,5,0,9629,8,47,15,0.3191489361702128
experiment.v1,pgbm_v1_two_hour_experiment_matrix,102,pgbm_initial_bruteforce_v1,du_outdoor_102,ok,4.332876455821331,9,21,30.278455205343544,2689.4906805267256,268.94906805267254,2787.8133648610296,0.3333333333333333,0,0,1.0,8.016206416999978,False,120.0,three_phase,30,3,10,21,2854,8.015488167000058,8.00804093599993,15,10,5,0,2405,8,53,16,0.3018867924528302
experiment.v1,pgbm_v1_two_hour_experiment_matrix,103,pgbm_initial_bruteforce_v1,du_outdoor_103,ok,4.029499302153757,8,22,32.53876928207646,2724.44102670178,272.44410267017804,2826.4197301630034,0.3333333333333333,0,0,1.0,12.594793499999923,False,120.0,three_phase,30,3,11,22,151574,12.593717710000078,12.279137142023842,15,10,5,3,50000,8,48,14,0.2916666666666667
experiment.v1,pgbm_v1_two_hour_experiment_matrix,104,pgbm_initial_bruteforce_v1,du_outdoor_104,ok,4.180864962391657,9,21,35.28765376077311,2663.0684771380174,266.30684771380174,2744.802998901054,0.3333333333333333,0,0,1.0,18.03130024999996,False,120.0,three_phase,30,3,12,21,77948,18.030387458000064,17.820981433012548,15,10,5,0,45613,8,50,13,0.26
experiment.v1,pgbm_v1_two_hour_experiment_matrix,105,pgbm_initial_bruteforce_v1,du_outdoor_105,ok,7.94667707494436,16,14,30.57692670786953,2834.6850213213183,283.46850213213185,2950.966360762231,0.3333333333333333,0,0,1.0,12.655913166999994,False,120.0,three_phase,30,3,9,14,16383,12.655283580999708,12.60362626600363,15,10,5,0,14681,8,43,19,0.4418604651162791
experiment.v1,pgbm_v1_two_hour_experiment_matrix,106,pgbm_initial_bruteforce_v1,du_outdoor_106,ok,6.283836384155059,13,17,35.15223837481595,3076.804848854181,307.6804848854181,3183.530894024161,0.3333333333333333,0,0,1.0,12.153729832999943,False,120.0,three_phase,30,3,8,17,650,12.153114999999843,12.149914413000602,15,10,5,0,175,8,49,16,0.32653061224489793
experiment.v1,pgbm_v1_two_hour_experiment_matrix,107,pgbm_initial_bruteforce_v1,du_outdoor_107,ok,5.669453654362843,10,20,27.54766272588667,2475.1429612483425,247.51429612483426,2567.0788103745326,0.3333333333333333,0,0,1.0,4.375605749999977,False,120.0,three_phase,30,3,12,20,69436,4.374901582999996,4.183230914016804,15,10,5,0,25735,8,55,15,0.2727272727272727
experiment.v1,pgbm_v1_two_hour_experiment_matrix,108,pgbm_initial_bruteforce_v1,du_outdoor_108,ok,3.212152532208493,7,23,36.992707048473115,2865.1648442173378,286.51648442173376,2953.7607230380972,0.25,0,0,1.0,25.901351207999937,False,120.0,three_phase,30,3,8,23,1034,25.90064983299999,25.896699082000282,15,10,5,0,257,8,48,12,0.25
experiment.v1,pgbm_v1_two_hour_experiment_matrix,109,pgbm_initial_bruteforce_v1,du_outdoor_109,ok,6.827485301297323,15,15,39.867155808511896,2943.57309712679,294.357309712679,3065.5611589630626,0.3333333333333333,0,0,1.0,8.542422584000064,False,120.0,three_phase,30,3,7,15,2147,8.541910999999914,8.532732539005906,15,10,5,0,1115,8,43,17,0.3953488372093023
experiment.v1,pgbm_v1_two_hour_experiment_matrix,110,pgbm_initial_bruteforce_v1,du_outdoor_110,ok,4.392318611492626,8,22,36.74976555830219,3246.2334670769565,324.62334670769565,3343.546847150205,0.25,0,0,1.0,6.1484854999999925,False,120.0,three_phase,30,3,6,22,2700,6.1477742089999765,6.141169544000945,15,10,5,0,1241,8,52,12,0.23076923076923078
experiment.v1,pgbm_v1_two_hour_experiment_matrix,101,pgbm_initial_bruteforce_v1,du_outdoor_101,ok,6.903060831977206,17,13,41.52454926725454,4778.9553627990335,477.89553627990335,4964.071950635615,0.2,0,0,1.0,9.320895541000027,False,120.0,three_phase,30,5,18,13,106430,9.319284753000034,9.025229507019048,15,10,5,2,50000,8,47,24,0.5106382978723404
experiment.v1,pgbm_v1_two_hour_experiment_matrix,102,pgbm_initial_bruteforce_v1,du_outdoor_102,ok,7.246334711014075,17,13,39.580788225131734,4428.405895847264,442.84058958472644,4597.7716196908395,0.2,0,0,1.0,11.236182125000028,False,120.0,three_phase,30,5,15,15,27466,11.234092498999757,11.135987777004857,15,10,5,0,22741,8,53,28,0.5283018867924528
experiment.v1,pgbm_v1_two_hour_experiment_matrix,103,pgbm_initial_bruteforce_v1,du_outdoor_103,ok,6.888649200550376,15,15,35.438719291161725,4643.19346874064,464.319346874064,4817.009364171952,0.2,0,0,1.0,15.93691662499998,False,120.0,three_phase,30,5,17,15,251602,15.935806876000015,15.403251682993755,15,10,5,5,50000,8,48,24,0.5
experiment.v1,pgbm_v1_two_hour_experiment_matrix,104,pgbm_initial_bruteforce_v1,du_outdoor_104,ok,7.028617226741681,15,15,28.46323704891423,4515.193303777114,451.5193303777114,4650.3938060474575,0.2,0,0,1.0,17.818768291000083,False,120.0,three_phase,30,5,18,15,167460,17.817659624000385,17.3500558530003,15,10,5,3,50000,8,50,21,0.42
experiment.v1,pgbm_v1_two_hour_experiment_matrix,105,pgbm_initial_bruteforce_v1,du_outdoor_105,ok,9.107895522629848,19,11,29.16384104248096,4184.062718996736,418.40627189967364,4340.185929919513,0.2,0,0,1.0,12.47693470899992,False,120.0,three_phase,30,5,18,11,205762,12.475672457999963,11.994272302002742,15,10,5,4,50000,8,43,23,0.5348837209302325
experiment.v1,pgbm_v1_two_hour_experiment_matrix,106,pgbm_initial_bruteforce_v1,du_outdoor_106,ok,9.407670472971066,19,11,32.451419100955384,5078.565661049343,507.85656610493436,5251.980312351732,0.2,0,0,1.0,9.982851291000088,False,120.0,three_phase,30,5,12,11,535,9.982056458999864,9.979209666001793,15,10,5,0,175,8,49,26,0.5306122448979592
experiment.v1,pgbm_v1_two_hour_experiment_matrix,107,pgbm_initial_bruteforce_v1,du_outdoor_107,ok,8.41916768441648,16,14,29.12288838491869,4335.866321760466,433.58663217604663,4498.24427752249,0.2,0,0,1.0,6.09515133299999,False,120.0,three_phase,30,5,18,14,169540,6.093826039000078,5.686430729996346,15,10,5,2,50000,8,55,27,0.4909090909090909
experiment.v1,pgbm_v1_two_hour_experiment_matrix,108,pgbm_initial_bruteforce_v1,du_outdoor_108,ok,5.352235474090637,10,20,26.674378313959675,4419.265352693443,441.9265352693443,4538.794201532461,0.15,0,0,1.0,32.90206729199997,False,120.0,three_phase,30,5,20,20,56561,32.900161376999904,32.74881364599912,15,10,5,0,45613,8,48,16,0.3333333333333333
experiment.v1,pgbm_v1_two_hour_experiment_matrix,109,pgbm_initial_bruteforce_v1,du_outdoor_109,ok,8.818863567605018,20,10,36.62797966332015,4436.662640636805,443.6662640636805,4621.222558059031,0.2,0,0,1.0,11.481690749999984,False,120.0,three_phase,30,5,14,10,111278,11.48082045700005,11.203075395012888,15,10,5,2,50000,8,43,28,0.6511627906976745
experiment.v1,pgbm_v1_two_hour_experiment_matrix,110,pgbm_initial_bruteforce_v1,du_outdoor_110,ok,5.549868380470093,11,19,34.095602902163805,5205.197445979331,520.5197445979331,5347.536622618963,0.15,0,0,1.0,7.842928041999926,False,120.0,three_phase,30,5,13,19,4712,7.842030458999943,7.828824472000747,15,10,5,0,1241,8,52,16,0.3076923076923077
experiment.v1,pgbm_v1_two_hour_experiment_matrix,101,pgbm_initial_bruteforce_v1,du_outdoor_101,ok,9.101919773526038,20,10,32.270059173002515,6726.696038645396,672.6696038645396,6973.391190137446,0.125,0,0,1.0,14.133234625,False,120.0,three_phase,30,8,27,10,337591,14.130800664999697,13.307915876005609,15,10,5,6,50000,8,47,31,0.6595744680851063
experiment.v1,pgbm_v1_two_hour_experiment_matrix,102,pgbm_initial_bruteforce_v1,du_outdoor_102,ok,10.42167847783861,23,7,32.23927841508765,6164.213593707692,616.4213593707692,6400.533022048221,0.125,0,0,1.0,11.912610207999933,False,120.0,three_phase,30,8,27,11,215981,11.91054403799967,11.343986171998608,15,10,5,3,50000,8,53,38,0.7169811320754716
experiment.v1,pgbm_v1_two_hour_experiment_matrix,103,pgbm_initial_bruteforce_v1,du_outdoor_103,ok,9.729738789813483,21,9,29.736054759389738,7184.680773336248,718.4680773336248,7419.234877517561,0.125,0,0,1.0,13.193182667000087,False,120.0,three_phase,30,8,30,9,258945,13.19158033600013,12.468035548979174,15,10,5,5,50000,8,48,32,0.6666666666666666
experiment.v1,pgbm_v1_two_hour_experiment_matrix,104,pgbm_initial_bruteforce_v1,du_outdoor_104,ok,8.289156781909107,18,12,28.610177967972025,6225.886257562799,622.58862575628,6405.742836219397,0.125,0,0,1.0,19.797396291999917,False,120.0,three_phase,30,8,26,12,432973,19.795492710000303,18.685276928991016,15,10,5,8,50000,8,50,26,0.52
experiment.v1,pgbm_v1_two_hour_experiment_matrix,105,pgbm_initial_bruteforce_v1,du_outdoor_105,ok,11.714574661230285,22,8,21.571559678020932,6016.318190159719,601.6318190159719,6217.197445132089,0.125,0,0,1.0,12.544982083000036,False,120.0,three_phase,30,8,32,8,392883,12.543392997999945,11.606444319990828,15,10,5,6,50000,8,43,30,0.6976744186046512
experiment.v1,pgbm_v1_two_hour_experiment_matrix,106,pgbm_initial_bruteforce_v1,du_outdoor_106,ok,10.68097403134087,22,8,27.942016468554957,6776.03788321791,677.6037883217911,7000.696121259875,0.125,0,0,1.0,13.98778516599998,False,120.0,three_phase,30,8,29,8,267920,13.986179373000141,13.377155930011554,15,10,5,5,50000,8,49,34,0.6938775510204082
experiment.v1,pgbm_v1_two_hour_experiment_matrix,107,pgbm_initial_bruteforce_v1,du_outdoor_107,ok,11.736481864107182,22,8,26.610361252948625,6337.652166392452,633.7652166392452,6576.354523251948,0.125,0,0,1.0,7.8299940839999636,False,120.0,three_phase,30,8,27,8,343839,7.828483667000569,7.022656163009742,15,10,5,6,50000,8,55,40,0.7272727272727273
experiment.v1,pgbm_v1_two_hour_experiment_matrix,108,pgbm_initial_bruteforce_v1,du_outdoor_108,ok,9.047857800563998,18,12,28.374380192100446,6498.216516726902,649.8216516726902,6689.732866912046,0.125,0,0,1.0,36.31112879199998,False,120.0,three_phase,30,8,31,12,264366,36.3088457089998,35.69480138101426,15,10,5,4,50000,8,48,27,0.5625
experiment.v1,pgbm_v1_two_hour_experiment_matrix,109,pgbm_initial_bruteforce_v1,du_outdoor_109,ok,11.112823112159813,23,7,27.145622691111974,6337.4892806247235,633.7489280624724,6558.860289646536,0.125,0,0,1.0,9.10511170899997,False,120.0,three_phase,30,8,30,7,258755,9.103758335999942,8.551119002011887,15,10,5,5,50000,7,43,33,0.7674418604651163
experiment.v1,pgbm_v1_two_hour_experiment_matrix,110,pgbm_initial_bruteforce_v1,du_outdoor_110,ok,6.891094467703835,13,17,29.06603579700563,6683.2582380026,668.32582380026,6851.169225936974,0.09375,0,0,1.0,12.61147629200002,False,120.0,three_phase,30,8,25,17,323925,12.609901080999862,11.800490995005362,15,10,5,4,50000,8,52,19,0.36538461538461536
experiment.v1,pgbm_v1_two_hour_experiment_matrix,101,pgbm_initial_bruteforce_v1,du_outdoor_101,ok,9.762962876652747,21,9,29.646327558329524,7957.447476692503,795.7447476692503,8223.525511241112,0.1,0,0,1.0,13.112232791999986,False,120.0,three_phase,30,10,32,9,321486,13.110429666999835,12.37600664297213,15,10,5,6,50000,8,47,33,0.7021276595744681
experiment.v1,pgbm_v1_two_hour_experiment_matrix,102,pgbm_initial_bruteforce_v1,du_outdoor_102,ok,11.572335921346276,25,5,29.54238814106639,7701.175748401228,770.1175748401228,7963.07921759392,0.1,0,0,1.0,7.678736166999897,False,120.0,three_phase,30,10,29,9,30946,7.677310664999595,7.606791393003505,15,10,5,0,19075,8,53,42,0.7924528301886793
experiment.v1,pgbm_v1_two_hour_experiment_matrix,103,pgbm_initial_bruteforce_v1,du_outdoor_103,ok,10.04131840313804,21,9,25.889467222678192,7923.3427691437455,792.3342769143745,8169.523228071156,0.1,0,0,1.0,14.746856500000035,False,120.0,three_phase,30,10,36,9,545719,14.744896833999519,13.315820544990743,15,10,5,9,50000,8,48,33,0.6875
experiment.v1,pgbm_v1_two_hour_experiment_matrix,104,pgbm_initial_bruteforce_v1,du_outdoor_104,ok,9.520239157940512,20,10,26.625854699675813,7307.655061630781,730.7655061630782,7517.536532603908,0.1,0,0,1.0,15.509365000000003,False,120.0,three_phase,30,10,30,10,401183,15.507491832000255,14.48096992699027,15,10,5,7,50000,8,50,30,0.6
experiment.v1,pgbm_v1_two_hour_experiment_matrix,105,pgbm_initial_bruteforce_v1,du_outdoor_105,ok,11.24385912197306,21,9,19.75091573336056,6488.272361665856,648.8272361665856,6679.753366240506,0.075,0,0,1.0,12.691779958999973,False,120.0,three_phase,30,10,37,9,534773,12.690054000000146,11.419855177057116,15,10,5,10,50000,8,43,27,0.627906976744186
experiment.v1,pgbm_v1_two_hour_experiment_matrix,106,pgbm_initial_bruteforce_v1,du_outdoor_106,ok,11.058526024822843,22,8,25.282073928890046,7187.369416300612,718.7369416300612,7417.055994613867,0.1,0,0,1.0,14.72331920900001,False,120.0,three_phase,30,10,30,8,394634,14.72120745899997,13.823334419938647,15,10,5,7,50000,8,49,34,0.6938775510204082
experiment.v1,pgbm_v1_two_hour_experiment_matrix,107,pgbm_initial_bruteforce_v1,du_outdoor_107,ok,13.0718802644126,24,6,23.605672199161404,7372.29942444092,737.229942444092,7637.39668783261,0.1,0,0,1.0,5.488316624999925,False,120.0,three_phase,30,10,32,6,181966,5.486865753999609,5.076388792968032,15,10,5,3,50000,6,55,44,0.8
experiment.v1,pgbm_v1_two_hour_experiment_matrix,108,pgbm_initial_bruteforce_v1,du_outdoor_108,ok,10.302648937231124,20,10,26.932146272223843,7654.8828637933775,765.4882863793378,7869.225621445254,0.1,0,0,1.0,34.47805904199993,False,120.0,three_phase,30,10,35,10,375110,34.475905288999684,33.57835944902877,15,10,5,6,50000,8,48,30,0.625
experiment.v1,pgbm_v1_two_hour_experiment_matrix,109,pgbm_initial_bruteforce_v1,du_outdoor_109,ok,11.593899723072191,23,7,23.18813695191644,6581.5213386156875,658.1521338615687,6803.217691075737,0.1,0,0,1.0,9.120733167000026,False,120.0,three_phase,30,10,30,7,360188,9.119291290999854,8.327722372043695,15,10,5,7,50000,7,43,33,0.7674418604651163
experiment.v1,pgbm_v1_two_hour_experiment_matrix,110,pgbm_initial_bruteforce_v1,du_outdoor_110,ok,7.723452470051613,15,15,29.262231217633893,7874.7582960632135,787.4758296063213,8073.8937584845135,0.075,0,0,1.0,16.67361300000016,False,120.0,three_phase,30,10,29,15,510837,16.671489164000377,15.481696783116604,15,10,5,9,50000,8,52,22,0.4230769230769231
