schema_version,experiment_name,environment,severity,seed,scenario_id,scenario_fingerprint,algorithm,status,task_count,uav_count,horizon_minutes,arrival_profile,objective_value,served_tasks,deferred_tasks,average_completion_delay,total_distance,total_travel_time,total_energy,requested_parcels,dropped_parcels,parcel_delivery_rate,safe_return_rate,runtime_seconds,planner_runtime_seconds,route_runtime_seconds,recourse_runtime_seconds,dispatch_count,mission_count,peak_queue_size,candidate_count,max_candidate_count,max_pending_considered,search_truncated_dispatches,phase_high_tasks,phase_medium_tasks,phase_low_tasks,recourse_trigger_count,accepted_replacements,rejected_replacements,replacement_gain,displaced_task_count,rejection_reasons
pgbm_v2_paired_metrics.v1,pgbm_v2_task_replacement_recourse,du_outdoor,moderate,101,du_outdoor_101,4ef0a703606608a880580bb8b4f7cbe0c3769dd0faf33a4305ed61836e2a4ecc,V1,ok,90,8,120.0,three_phase,15.98631157262431,30,60,33.47529420112337,8192.39884462454,819.239884462454,8514.826595521614,145,47,0.32413793103448274,1.0,21.25860858299984,21.255903871001465,20.95748733697792,0.0,27,0,60,129547,50000,8,2,45,30,15,0,0,0,0.0,0,{}
pgbm_v2_paired_metrics.v1,pgbm_v2_task_replacement_recourse,du_outdoor,moderate,101,du_outdoor_tasks_90_uavs_8_seed_101,4ef0a703606608a880580bb8b4f7cbe0c3769dd0faf33a4305ed61836e2a4ecc,V2,ok,90,8,120.0,three_phase,17.687012598225618,27,63,22.86490898287457,8072.817567451056,807.2817567451056,8417.573665701158,145,40,0.27586206896551724,1.0,58.290024792,42.64927433299999,40.20944280600218,15.571393125000004,27,16,63,359312,50000,8,7,45,30,15,52,18,34,3.3697051414464343,18,"{""no_feasible_candidate"": 11, ""no_positive_gain"": 19, ""no_uncompleted_active_task"": 4}"
pgbm_v2_paired_metrics.v1,pgbm_v2_task_replacement_recourse,du_outdoor,moderate,102,du_outdoor_102,59e7cce810a1b19870e7e9fdf9c27c42227fad3303adf0ebbb230cd715f8f77a,V1,ok,90,8,120.0,three_phase,12.655406712710473,24,66,29.96769938225295,7454.020087950306,745.4020087950306,7710.530173117479,144,42,0.2916666666666667,1.0,36.00043754199987,35.99653737499966,34.65128118103121,0.0,32,0,66,566505,50000,8,11,45,30,15,0,0,0,0.0,0,{}
pgbm_v2_paired_metrics.v1,pgbm_v2_task_replacement_recourse,du_outdoor,moderate,102,du_outdoor_tasks_90_uavs_8_seed_102,59e7cce810a1b19870e7e9fdf9c27c42227fad3303adf0ebbb230cd715f8f77a,V2,ok,90,8,120.0,three_phase,16.862778447480718,27,63,22.73053143865154,7626.602420346209,762.660242034621,7870.988229497778,144,35,0.24305555555555555,1.0,126.50895974999999,95.39886129200003,90.22984746200001,30.978474253000044,29,16,63,565858,50000,8,11,45,30,15,49,20,29,3.3066116015932736,20,"{""no_feasible_candidate"": 12, ""no_positive_gain"": 16, ""no_uncompleted_active_task"": 1}"
pgbm_v2_paired_metrics.v1,pgbm_v2_task_replacement_recourse,du_outdoor,moderate,103,du_outdoor_103,661b5d5cf9831d0469adad25b3f21325fb5222d953a06840cb66918820434e3a,V1,ok,90,8,120.0,three_phase,13.359222142548086,26,64,30.62193927469423,7736.055225971398,773.6055225971397,8009.143282294198,160,39,0.24375,1.0,35.55999474999999,35.555405461999726,34.076386281894884,0.0,30,0,64,505813,50000,8,9,45,30,15,0,0,0,0.0,0,{}
pgbm_v2_paired_metrics.v1,pgbm_v2_task_replacement_recourse,du_outdoor,moderate,103,du_outdoor_tasks_90_uavs_8_seed_103,661b5d5cf9831d0469adad25b3f21325fb5222d953a06840cb66918820434e3a,V2,ok,90,8,120.0,three_phase,13.248878533471865,23,67,24.178639668166156,7975.9603854911875,797.5960385491187,8232.984781949895,160,36,0.225,1.0,128.419789458,90.60550187299998,87.94933146799576,37.64469212199987,27,16,67,280982,50000,8,5,45,30,15,55,11,44,1.7644282242912293,11,"{""no_feasible_candidate"": 28, ""no_positive_gain"": 16}"
pgbm_v2_paired_metrics.v1,pgbm_v2_task_replacement_recourse,du_outdoor,moderate,104,du_outdoor_104,13f79051b66133470d9d0b8fa587f66b89f4200a4de29b08e26cb1a32a454934,V1,ok,90,8,120.0,three_phase,12.68162039108516,23,67,31.166543432010855,7936.134614807601,793.6134614807601,8172.412806110215,149,35,0.2348993288590604,1.0,28.2841410420001,28.2800344999996,27.85458673605217,0.0,34,0,67,166169,50000,8,1,45,30,15,0,0,0,0.0,0,{}
pgbm_v2_paired_metrics.v1,pgbm_v2_task_replacement_recourse,du_outdoor,moderate,104,du_outdoor_tasks_90_uavs_8_seed_104,13f79051b66133470d9d0b8fa587f66b89f4200a4de29b08e26cb1a32a454934,V2,ok,90,8,120.0,three_phase,14.608251801920455,23,67,21.148028969344285,7851.273669122836,785.1273669122836,8093.595342638403,149,32,0.21476510067114093,1.0,137.45161120800003,101.52116620700019,96.51710998200878,35.78076483199982,28,16,67,511334,50000,8,10,45,30,15,52,14,38,2.223864366108824,14,"{""no_feasible_candidate"": 17, ""no_positive_gain"": 20, ""no_uncompleted_active_task"": 1}"
pgbm_v2_paired_metrics.v1,pgbm_v2_task_replacement_recourse,du_outdoor,moderate,105,du_outdoor_105,b87c38f562f7fc1b38bf05a9312dc2e7c238eca88486a7fe17dddf4438d02177,V1,ok,90,8,120.0,three_phase,16.296763956469036,28,62,25.313411956964554,7564.068165417477,756.4068165417477,7838.472561054947,150,45,0.3,1.0,34.288876832999904,34.28128899899957,32.76143753903534,0.0,33,0,62,544182,50000,8,9,45,30,15,0,0,0,0.0,0,{}
pgbm_v2_paired_metrics.v1,pgbm_v2_task_replacement_recourse,du_outdoor,moderate,105,du_outdoor_tasks_90_uavs_8_seed_105,b87c38f562f7fc1b38bf05a9312dc2e7c238eca88486a7fe17dddf4438d02177,V2,ok,90,8,120.0,three_phase,18.535981671115948,28,62,18.59214272138168,7754.00127280622,775.400127280622,8075.795811438149,150,39,0.26,1.0,129.198519792,97.16762508399984,94.77604221899776,31.935463957000138,31,18,62,281453,50000,8,5,45,30,15,43,18,25,3.171273673983975,18,"{""no_feasible_candidate"": 1, ""no_positive_gain"": 24}"
