schema_version,experiment_name,seed,method,scenario_id,status,objective_value,served_tasks,deferred_tasks,average_completion_delay,total_distance,total_travel_time,total_energy,payload_utilization,accepted_replacements,rejected_replacements,safe_return_rate,runtime_seconds,recourse_enabled,horizon_minutes,arrival_profile,task_count,uav_count,dispatch_count,peak_queue_size,candidate_count,planner_runtime_seconds,route_runtime_seconds,phase_high_tasks,phase_medium_tasks,phase_low_tasks,search_truncated_dispatches,max_candidate_count,max_pending_considered
experiment.v1,pgbm_v1_two_hour_experiment_matrix,101,pgbm_initial_bruteforce_v1,synthetic_101,ok,9.77672375225127,21,9,32.242465312136495,2296.3150792128845,229.63150792128846,2455.999908753893,0.3333333333333333,0,0,1.0,0.804086667,False,120.0,three_phase,30,3,12,13,6419,0.803160958999996,0.7688721619998304,15,10,5,0,5041,8
experiment.v1,pgbm_v1_two_hour_experiment_matrix,102,pgbm_initial_bruteforce_v1,synthetic_102,ok,11.69980299297769,21,9,24.721150969397307,1925.1646449260377,192.51646449260377,2089.2794586913096,0.3333333333333333,0,0,1.0,1.1150094589999995,False,120.0,three_phase,30,3,13,9,718,1.114007167000004,1.1086434689999827,15,10,5,0,257,8
experiment.v1,pgbm_v1_two_hour_experiment_matrix,103,pgbm_initial_bruteforce_v1,synthetic_103,ok,9.643464992186791,20,10,29.333076249254976,2372.5205092460105,237.25205092460106,2530.5984854922353,0.3333333333333333,0,0,1.0,2.425795500000003,False,120.0,three_phase,30,3,11,10,731,2.4248773750000048,2.4188707990000324,15,10,5,0,215,8
experiment.v1,pgbm_v1_two_hour_experiment_matrix,104,pgbm_initial_bruteforce_v1,synthetic_104,ok,11.214472963622962,21,9,28.680662596182774,2126.307122561106,212.6307122561106,2304.6539998340254,0.3333333333333333,0,0,1.0,3.5140865000000048,False,120.0,three_phase,30,3,13,10,4181,3.513100958999999,3.492166202000135,15,10,5,0,3421,8
experiment.v1,pgbm_v1_two_hour_experiment_matrix,105,pgbm_initial_bruteforce_v1,synthetic_105,ok,10.237376875586593,20,10,32.61800036476564,2318.676615986433,231.86766159864328,2467.803331300035,0.3333333333333333,0,0,1.0,1.8336869589999978,False,120.0,three_phase,30,3,10,12,612,1.8328473349999896,1.8278600790000752,15,10,5,0,161,8
experiment.v1,pgbm_v1_two_hour_experiment_matrix,106,pgbm_initial_bruteforce_v1,synthetic_106,ok,9.134954908141887,20,10,31.171017568138552,2257.2306316960508,225.72306316960507,2417.212248131446,0.3333333333333333,0,0,1.0,5.173585082999999,False,120.0,three_phase,30,3,13,10,12120,5.172516584999997,5.131293216999772,15,10,5,0,10733,8
experiment.v1,pgbm_v1_two_hour_experiment_matrix,107,pgbm_initial_bruteforce_v1,synthetic_107,ok,11.207785086228139,20,10,25.346382805513066,1949.511259090746,194.95112590907462,2078.6352694661737,0.3333333333333333,0,0,1.0,2.9727256249999954,False,120.0,three_phase,30,3,14,11,13840,2.9715973330000125,2.9082084269999626,15,10,5,0,5041,8
experiment.v1,pgbm_v1_two_hour_experiment_matrix,108,pgbm_initial_bruteforce_v1,synthetic_108,ok,9.95010533954271,20,10,28.050012729444376,2186.840068577475,218.6840068577475,2336.568828499062,0.3333333333333333,0,0,1.0,1.9762416250000001,False,120.0,three_phase,30,3,9,15,458,1.9754346669999947,1.9718934969999538,15,10,5,0,175,8
experiment.v1,pgbm_v1_two_hour_experiment_matrix,109,pgbm_initial_bruteforce_v1,synthetic_109,ok,9.542537050507859,20,10,33.244934884708904,2198.618006284862,219.8618006284862,2359.4317629197653,0.3333333333333333,0,0,1.0,6.4055800000000005,False,120.0,three_phase,30,3,11,10,4880,6.404588624999981,6.374798177000123,15,10,5,0,4025,8
experiment.v1,pgbm_v1_two_hour_experiment_matrix,110,pgbm_initial_bruteforce_v1,synthetic_110,ok,10.154427092124784,19,11,31.06288497986355,2453.028258151433,245.3028258151433,2640.466000356887,0.3333333333333333,0,0,1.0,2.468781832999994,False,120.0,three_phase,30,3,10,12,877,2.467748543000006,2.4617933690000626,15,10,5,0,215,8
experiment.v1,pgbm_v1_two_hour_experiment_matrix,101,pgbm_initial_bruteforce_v1,du_outdoor_101,ok,3.4837708891744104,9,21,42.83665257099853,2801.4717627767554,280.14717627767556,2918.4140924995418,0.3333333333333333,0,0,1.0,8.47091716700001,False,120.0,three_phase,30,3,11,21,10721,8.469899665999975,8.427153101002418,15,10,5,0,9629,8
experiment.v1,pgbm_v1_two_hour_experiment_matrix,102,pgbm_initial_bruteforce_v1,du_outdoor_102,ok,4.190970674406036,9,21,33.36787171040853,2551.39788644216,255.13978864421603,2654.773890126523,0.25,0,0,1.0,11.837276791000022,False,120.0,three_phase,30,3,9,21,2089,11.836354709000005,11.824318810999472,15,10,5,0,921,8
experiment.v1,pgbm_v1_two_hour_experiment_matrix,103,pgbm_initial_bruteforce_v1,du_outdoor_103,ok,3.5144588406636834,7,23,25.48768701637652,2568.635041137197,256.86350411371967,2668.828187482882,0.25,0,0,1.0,16.812142292000004,False,120.0,three_phase,30,3,14,23,155833,16.810944041000027,16.323388146004874,15,10,5,3,50000,8
experiment.v1,pgbm_v1_two_hour_experiment_matrix,104,pgbm_initial_bruteforce_v1,du_outdoor_104,ok,3.6476552689413615,8,22,36.28245943741932,2635.760041359189,263.5760041359189,2723.7762164702385,0.25,0,0,1.0,22.48836166700002,False,120.0,three_phase,30,3,12,22,51142,22.487179248999922,22.312639395002492,15,10,5,0,45613,8
experiment.v1,pgbm_v1_two_hour_experiment_matrix,105,pgbm_initial_bruteforce_v1,du_outdoor_105,ok,6.697999582658168,15,15,38.20305952713363,2478.9330215182727,247.89330215182727,2604.0253897206753,0.3333333333333333,0,0,1.0,19.21386212499999,False,120.0,three_phase,30,3,8,15,11364,19.213091289999994,19.159851210998227,15,10,5,0,9629,8
experiment.v1,pgbm_v1_two_hour_experiment_matrix,106,pgbm_initial_bruteforce_v1,du_outdoor_106,ok,5.486744449771542,11,19,36.46194835337835,2540.118434205905,254.0118434205905,2655.6967138551427,0.3333333333333333,0,0,1.0,18.418215791999984,False,120.0,three_phase,30,3,10,19,49460,18.417050208000006,18.192921463001852,15,10,5,0,45613,8
experiment.v1,pgbm_v1_two_hour_experiment_matrix,107,pgbm_initial_bruteforce_v1,du_outdoor_107,ok,5.366896974406799,10,20,31.944143768185665,2457.232273208313,245.7232273208313,2562.4279650609024,0.3333333333333333,0,0,1.0,6.094055999999995,False,120.0,three_phase,30,3,12,20,31116,6.0930202079999844,5.965718377001821,15,10,5,0,25735,8
experiment.v1,pgbm_v1_two_hour_experiment_matrix,108,pgbm_initial_bruteforce_v1,du_outdoor_108,ok,2.3550482117398017,5,25,25.965859430540842,2199.684902622309,219.9684902622309,2267.189410006695,0.25,0,0,1.0,41.92223150000001,False,120.0,three_phase,30,3,14,25,111556,41.92059758299993,41.50614875199423,15,10,5,2,50000,8
experiment.v1,pgbm_v1_two_hour_experiment_matrix,109,pgbm_initial_bruteforce_v1,du_outdoor_109,ok,5.752175230158876,13,17,42.02592254950319,2713.9777435580327,271.3977743558033,2839.8722206518087,0.3333333333333333,0,0,1.0,7.990273333000005,False,120.0,three_phase,30,3,6,17,2414,7.989228456999911,7.975935354998455,15,10,5,0,1115,8
experiment.v1,pgbm_v1_two_hour_experiment_matrix,110,pgbm_initial_bruteforce_v1,du_outdoor_110,ok,3.089952359190338,6,24,33.56837322564508,3029.781809963498,302.9781809963498,3115.2804928834885,0.25,0,0,1.0,12.450856999999985,False,120.0,three_phase,30,3,7,24,1919,12.449570332999997,12.440088240999899,15,10,5,0,725,8
